{"episode_types": ["t", "t", "t", "t", "t", "t", "t", "t", "t", "t", "t", "t", "t", "t", "t", "t", "t", "t", "t", "t", "t", "t", "t", "t", "t", "t", "t", "t", "t", "t", "t", "t", "t", "t", "t", "t", "t", "t", "t", "t", "t", "t", "t", "t", "t", "t", "t", "t", "t", "t", "t", "t", "t", "t", "t", "t", "t", "t", "t", "t", "t", "t", "t", "t", "t", "t", "t", "t", "t", "t", "t", "t", "t", "t", "t", "t", "t", "t", "t", "t", "t", "t", "t", "t", "t", "t", "t", "t", "t", "t", "t", "t", "t", "t", "t", "t", "t", "t", "t", "t", "t", "t", "t", "t", "t", "t", "t", "t", "t", "t", "t", "t", "t", "t", "t", "t", "t", "t", "t"], "episode_lengths": [100, 100, 100, 100, 100, 100, 100, 100, 100, 100, 100, 100, 100, 100, 100, 100, 100, 100, 100, 100, 100, 100, 100, 100, 100, 100, 100, 100, 100, 100, 100, 100, 100, 100, 100, 100, 100, 100, 100, 100, 100, 100, 100, 100, 100, 100, 100, 100, 100, 100, 100, 100, 100, 100, 100, 100, 100, 100, 100, 100, 100, 100, 100, 100, 100, 100, 100, 100, 100, 100, 100, 100, 100, 100, 100, 100, 100, 100, 100, 100, 100, 100, 100, 100, 100, 100, 100, 100, 100, 100, 100, 100, 100, 100, 100, 100, 100, 100, 100, 100, 100, 100, 100, 100, 100, 100, 100, 100, 100, 100, 100, 100, 100, 100, 100, 100, 100, 100], "timestamps": [1512562693.589172, 1512562694.9178436, 1512562695.148429, 1512562695.3336413, 1512562695.524363, 1512562695.718465, 1512562695.9596944, 1512562696.1652508, 1512562697.5908985, 1512562697.914035, 1512562698.1232495, 1512562698.3375013, 1512562698.5859485, 1512562698.781457, 1512562699.0250397, 1512562699.248458, 1512562699.8327367, 1512562700.4457927, 1512562700.7615864, 1512562701.0361886, 1512562705.281207, 1512562705.4714038, 1512562705.6617138, 1512562705.855706, 1512562706.04852, 1512562706.2391071, 1512562706.4295518, 1512562707.8561575, 1512562708.104086, 1512562708.327614, 1512562708.544112, 1512562708.7548835, 1512562708.9564416, 1512562709.1649618, 1512562709.3795109, 1512562709.5944817, 1512562709.7990544, 1512562710.13465, 1512562710.423268, 1512562710.7114654, 1512562713.9613485, 1512562714.1938674, 1512562714.3939588, 1512562714.5779784, 1512562714.7692785, 1512562714.990376, 1512562715.1886525, 1512562715.3827333, 1512562715.5821397, 1512562715.7757976, 1512562715.96163, 1512562716.17079, 1512562716.4962256, 1512562716.685773, 1512562716.9110875, 1512562717.1111848, 1512562717.3236313, 1512562717.5445485, 1512562717.7435508, 1512562717.9392717, 1512562718.1310968, 1512562721.1613204, 1512562721.3818603, 1512562721.594635, 1512562723.030066, 1512562723.5813699, 1512562724.060168, 1512562724.3103256, 1512562724.8882797, 1512562725.2337863, 1512562725.519821, 1512562726.0257921, 1512562726.5448892, 1512562726.7747855, 1512562726.9860067, 1512562727.2226064, 1512562727.4727364, 1512562727.7859132, 1512562727.987908, 1512562728.1909008, 1512562728.3881648, 1512562731.4492364, 1512562731.721381, 1512562731.9267616, 1512562732.172396, 1512562732.3695972, 1512562732.5731106, 1512562732.7627025, 1512562732.9610777, 1512562733.2075503, 1512562733.446142, 1512562733.6694129, 1512562733.9144073, 1512562734.130574, 1512562734.3333693, 1512562734.5269952, 1512562734.7198308, 1512562734.9365788, 1512562735.1978042, 1512562735.4031322, 1512562735.5953765, 1512562735.8272436, 1512562738.9274085, 1512562739.1197047, 1512562739.312555, 1512562739.5032516, 1512562739.6969154, 1512562739.8949633, 1512562740.141107, 1512562740.3577495, 1512562740.566301, 1512562740.7542872, 1512562740.9420757, 1512562741.2287583, 1512562741.4321628, 1512562741.6375036, 1512562741.9605606, 1512562742.148048], "episode_rewards": [-130.08304752044955, -124.90794862958666, -123.31753139933713, -137.22021787666833, -131.88567621236993, -129.76630091979945, -140.9441522516819, -126.65117827897332, -131.4820396175275, -122.08681415779499, -136.91590806513557, -133.38688069969467, -137.66596434316108, -114.63613421561136, -121.0286795763725, -136.40643375612004, -118.95842932301164, -130.43306463912776, -127.0419245818174, -128.47747178999788, -132.16456040614983, -125.40518438479764, -129.02689463067108, -138.72678283387884, -117.43813116206641, -146.6051632186702, -132.70450606506736, -135.3104453379082, -124.21771300499198, -123.11446069766791, -128.0177907746521, -126.71133626910444, -110.39492453276266, -121.81477453163072, -124.26781821176392, -124.9486028912031, -130.72358755514733, -116.94262382613303, -115.75651248422207, -122.6865544086761, -124.52213702784914, -126.29025575535277, -111.46379795614696, -140.48937206468435, -124.37541180688736, -109.34885815502254, -122.73402343605201, -122.53398070456517, -119.05637754497644, -136.00385452331346, -120.94849837104739, -121.1370338773095, -120.43623318712808, -123.00683936959774, -136.66587092257552, -131.3752495166082, -140.7381652353823, -135.71846021582843, -96.44075048570559, -138.12924332126605, -138.76306424330238, -126.94383525697478, -116.44599597658161, -131.78890674245127, -120.22626155444688, -125.5972862668206, -117.44868444677205, -130.367647833741, -108.07936466973885, -127.80327981941203, -125.96230307404883, -128.5227704735733, -105.40047149322133, -130.57571647098786, -128.8639078588753, -114.43240686671948, -134.22405774575455, -113.49045517075501, -120.65839548489272, -125.78433646878378, -131.79447481386453, -127.74774682496077, -107.7309037950186, -124.0260851667934, -129.19850951542816, -120.60436899582042, -128.0692710960427, -117.82424426023574, -117.63491078981222, -108.99791929963494, -116.12277564271074, -115.06514136441743, -127.5436422231942, -107.68613583164071, -115.58688463409547, -133.4432904843454, -123.84898745986746, -112.4335911533435, -110.41101448777046, -128.82938901990806, -122.23300809749654, -135.20745592671463, -109.17744809290541, -120.44347911452736, -115.77099619282548, -113.98503391861739, -124.23473708173807, -112.88469874170082, -121.19629646884263, -115.42966565448852, -117.42993845651424, -112.4812919019487, -119.76819119304993, -134.74603099585207, -124.87461595543208, -124.79824070585681, -114.91326711277495, -125.34580322172884], "initial_reset_timestamp": 1512562691.4982708}